workload,N,rep,first_query_us,avg_us,majflt,minflt
A,0,1,606.07,2.05,142,219
A,0,2,606.91,1.94,142,219
A,0,3,617.06,1.93,142,219
A,1,1,901.10,1.94,142,218
A,1,2,895.57,1.94,142,218
A,1,3,813.96,1.92,142,218
A,2,1,883.07,1.94,142,219
A,2,2,814.80,1.92,142,218
A,2,3,886.21,1.94,142,218
A,3,1,888.19,1.96,142,218
A,3,2,878.84,1.96,142,218
A,3,3,890.53,1.96,142,218
A,4,1,479.02,1.99,142,219
A,4,2,479.26,1.97,142,219
A,4,3,481.71,1.92,142,220
A,5,1,482.70,1.92,143,219
A,5,2,478.80,1.97,143,219
A,5,3,477.21,1.96,143,219
A,6,1,487.09,1.99,143,220
A,6,2,480.41,1.93,143,220
A,6,3,481.25,1.96,143,220
A,7,1,480.77,1.94,144,222
A,7,2,530.25,1.99,144,222
A,7,3,477.26,1.94,144,223
A,8,1,481.12,1.98,144,222
A,8,2,478.72,1.96,144,222
A,8,3,483.90,1.96,144,222
A,9,1,479.66,1.98,143,225
A,9,2,480.25,1.98,143,224
A,9,3,485.81,1.94,143,224
A,10,1,476.98,1.94,143,225
A,10,2,481.89,1.95,143,224
A,10,3,495.99,1.95,143,225
A,11,1,489.02,1.94,143,228
A,11,2,479.77,1.97,143,228
A,11,3,478.71,1.97,143,228
A,12,1,480.22,1.94,142,230
A,12,2,476.03,1.98,142,229
A,12,3,479.14,1.96,142,229
A,13,1,474.76,1.94,142,229
A,13,2,480.35,1.96,142,229
A,13,3,483.97,1.96,142,230
A,14,1,510.26,1.94,142,229
A,14,2,478.66,1.94,142,229
A,14,3,485.17,1.96,142,229
A,15,1,482.47,1.96,142,229
A,15,2,481.60,1.95,142,229
A,15,3,488.40,2.00,142,229
A,16,1,480.20,1.94,142,229
A,16,2,503.24,1.97,142,229
A,16,3,539.30,1.97,142,229
A,17,1,484.96,1.95,142,229
A,17,2,478.10,1.95,142,230
A,17,3,475.89,1.95,142,230
A,18,1,480.81,1.95,142,229
A,18,2,478.99,1.98,142,229
A,18,3,487.03,1.95,142,230
A,19,1,480.11,1.96,142,229
A,19,2,479.14,1.94,142,229
A,19,3,489.93,1.97,142,229
A,20,1,481.72,1.97,142,229
A,20,2,478.28,1.95,142,229
A,20,3,479.09,1.90,142,229
A,21,1,487.41,1.93,142,229
A,21,2,477.57,1.93,142,229
A,21,3,482.11,1.92,142,230
A,22,1,498.69,1.89,142,229
A,22,2,480.89,1.93,142,229
A,22,3,481.42,1.93,142,229
A,23,1,486.48,1.94,142,229
A,23,2,422.83,1.93,142,229
A,23,3,483.67,1.92,142,229
A,24,1,418.83,1.90,142,229
A,24,2,475.06,1.91,142,229
A,24,3,481.20,1.90,142,229
A,25,1,516.44,1.90,142,230
A,25,2,419.16,1.91,142,230
A,25,3,480.75,1.93,142,229
A,26,1,474.81,1.97,142,230
A,26,2,479.58,1.98,142,229
A,26,3,532.48,1.91,142,229
A,27,1,533.20,1.93,142,229
A,27,2,482.29,1.95,142,229
A,27,3,480.32,1.90,142,229
A,28,1,430.44,1.90,142,229
A,28,2,486.92,1.92,142,229
A,28,3,484.25,1.92,142,229
A,29,1,477.04,1.93,142,229
A,29,2,486.13,1.91,142,230
A,29,3,481.49,1.94,142,229
A,30,1,422.70,1.94,142,229
A,30,2,422.87,1.91,142,229
A,30,3,417.69,1.94,142,229
A,31,1,421.04,1.93,142,229
A,31,2,433.77,1.93,142,229
A,31,3,424.96,1.92,142,229
A,32,1,480.51,1.94,142,229
A,32,2,486.31,1.95,142,229
A,32,3,496.56,1.93,142,229
A,33,1,484.81,1.95,142,230
A,33,2,486.03,2.01,142,229
A,33,3,483.07,1.96,142,229
A,34,1,492.39,1.97,142,229
A,34,2,487.50,1.92,142,229
A,34,3,480.18,1.92,142,229
A,35,1,491.91,1.95,142,229
A,35,2,484.78,2.02,142,229
A,35,3,485.92,1.93,142,229
A,36,1,486.15,1.94,142,229
A,36,2,476.15,1.95,142,229
A,36,3,485.91,1.94,142,229
A,37,1,483.87,1.95,142,229
A,37,2,484.71,1.94,142,229
A,37,3,504.89,1.95,142,229
A,38,1,487.93,1.92,142,230
A,38,2,476.92,1.95,142,229
A,38,3,484.16,1.94,142,229
A,39,1,484.69,1.94,142,229
A,39,2,488.64,1.93,142,229
A,39,3,484.82,1.95,142,229
A,40,1,479.56,1.96,142,229
A,40,2,491.40,1.93,142,229
A,40,3,488.52,1.94,142,229
A,41,1,482.66,1.94,142,229
A,41,2,490.52,1.94,142,229
A,41,3,487.14,1.98,142,229
A,42,1,490.57,1.93,142,230
A,42,2,483.92,1.96,142,229
A,42,3,479.70,1.94,142,229
A,43,1,486.83,1.94,142,229
A,43,2,493.98,1.94,142,230
A,43,3,483.00,1.92,142,229
A,44,1,533.30,1.96,142,229
A,44,2,491.50,1.96,142,229
A,44,3,478.06,1.94,142,229
A,45,1,482.53,1.93,142,229
A,45,2,479.72,1.94,142,229
A,45,3,495.68,1.94,142,229
A,46,1,489.49,1.93,142,229
A,46,2,491.77,1.94,142,229
A,46,3,483.96,1.98,142,229
A,47,1,495.40,1.97,142,229
A,47,2,482.81,1.96,142,229
A,47,3,493.71,1.94,142,229
A,48,1,486.63,1.96,142,229
A,48,2,496.00,1.95,142,230
A,48,3,481.03,1.96,142,229
A,49,1,489.62,1.96,142,229
A,49,2,483.74,1.95,142,229
A,49,3,493.84,1.96,142,229
A,50,1,485.05,1.94,142,229
A,50,2,494.50,1.97,142,229
A,50,3,484.03,1.94,142,229
A,51,1,485.70,1.92,142,229
A,51,2,483.02,1.94,142,230
A,51,3,492.58,1.93,142,229
A,52,1,488.69,1.95,142,228
A,52,2,497.31,1.94,142,229
A,52,3,486.69,1.94,142,229
A,53,1,493.41,1.94,142,229
A,53,2,485.16,1.99,142,229
A,53,3,483.12,1.94,142,229
A,54,1,422.64,1.94,142,229
A,54,2,418.64,1.91,142,229
A,54,3,423.95,1.92,142,230
A,55,1,436.27,1.90,142,229
A,55,2,480.17,1.90,142,229
A,55,3,422.61,1.91,142,229
A,56,1,425.97,1.91,142,229
A,56,2,427.11,1.91,142,229
A,56,3,487.29,1.90,142,229
A,57,1,486.69,1.90,142,229
A,57,2,426.49,1.94,142,229
A,57,3,436.39,1.91,142,229
A,58,1,429.24,1.90,142,229
A,58,2,481.46,1.89,142,229
A,58,3,427.12,1.91,142,229
A,59,1,430.55,1.89,142,229
A,59,2,423.84,1.94,142,229
A,59,3,496.42,1.90,142,229
A,60,1,480.66,1.92,142,229
A,60,2,434.79,1.90,142,229
A,60,3,483.33,1.96,142,229
A,61,1,428.13,1.92,142,229
A,61,2,426.03,1.92,142,229
A,61,3,493.71,1.91,142,229
A,62,1,414.20,1.91,142,229
A,62,2,420.35,1.89,142,230
A,62,3,520.32,1.89,142,229
A,63,1,487.40,1.91,142,229
A,63,2,430.07,1.91,142,229
A,63,3,424.22,1.89,142,229
A,64,1,427.89,1.90,142,229
A,64,2,483.86,1.94,142,229
A,64,3,427.08,1.91,142,230
A,65,1,425.92,1.92,142,230
A,65,2,420.74,1.91,142,229
A,65,3,477.86,1.91,142,229
A,66,1,422.99,1.92,142,229
A,66,2,419.84,1.90,142,229
A,66,3,423.44,1.92,142,229
A,67,1,425.49,1.89,142,229
A,67,2,424.45,1.95,142,229
A,67,3,488.80,1.94,142,229
A,68,1,488.02,1.95,142,230
A,68,2,487.67,1.92,142,229
A,68,3,481.18,1.99,142,229
A,69,1,477.96,1.95,142,229
A,69,2,488.21,1.95,142,229
A,69,3,485.16,1.96,142,229
A,70,1,486.68,1.99,142,229
A,70,2,480.06,1.96,142,229
A,70,3,482.26,1.94,142,229
A,71,1,485.23,1.95,142,229
A,71,2,482.21,1.96,142,229
A,71,3,486.80,1.95,142,229
A,72,1,480.50,1.95,142,229
A,72,2,528.92,1.92,142,230
A,72,3,486.15,1.96,142,229
A,73,1,482.74,1.96,142,229
A,73,2,482.53,1.94,142,229
A,73,3,486.95,1.95,142,229
A,74,1,479.88,1.96,142,229
A,74,2,812.19,1.91,142,229
A,74,3,488.13,1.97,142,229
A,75,1,479.61,1.95,142,229
A,75,2,476.35,1.91,142,229
A,75,3,479.89,1.97,142,229
A,76,1,486.82,1.94,142,229
A,76,2,490.41,1.93,142,229
A,76,3,485.87,2.01,142,230
A,77,1,488.52,1.97,142,229
A,77,2,489.50,1.95,142,229
A,77,3,487.48,1.96,142,229
A,78,1,475.73,1.94,142,229
A,78,2,479.86,1.97,142,229
A,78,3,493.30,1.95,142,229
A,79,1,481.79,1.96,142,229
A,79,2,483.97,1.94,142,229
A,79,3,486.14,1.96,142,229
A,80,1,477.08,1.95,142,229
A,80,2,482.23,1.97,142,229
A,80,3,480.63,1.95,142,229
A,81,1,480.30,1.95,142,229
A,81,2,490.63,1.90,142,229
A,81,3,491.75,1.92,142,229
A,82,1,487.82,1.93,142,229
A,82,2,483.57,1.94,142,229
A,82,3,497.56,1.91,142,229
A,83,1,483.61,1.94,142,229
A,83,2,481.62,1.91,142,230
A,83,3,481.15,1.95,142,229
A,84,1,494.83,1.92,142,229
A,84,2,483.43,1.94,142,229
A,84,3,492.29,1.96,142,230
A,85,1,486.99,1.93,142,229
A,85,2,484.78,1.98,142,230
A,85,3,490.03,1.97,142,229
A,86,1,481.62,1.95,142,229
A,86,2,490.07,1.97,142,229
A,86,3,484.55,1.98,142,229
A,87,1,483.23,1.98,142,229
A,87,2,484.37,1.99,142,229
A,87,3,487.37,1.96,142,229
A,88,1,494.14,1.93,142,229
A,88,2,481.50,1.94,142,229
A,88,3,484.73,1.95,142,229
A,89,1,486.39,1.97,142,229
A,89,2,482.67,1.98,142,229
A,89,3,485.48,1.97,142,229
A,90,1,482.29,1.93,142,229
A,90,2,482.73,1.97,142,229
A,90,3,489.66,1.97,142,229
A,91,1,488.57,1.97,142,229
A,91,2,489.63,1.93,142,229
A,91,3,494.43,1.95,142,229
A,92,1,486.35,1.96,142,229
A,92,2,487.37,1.96,142,229
A,92,3,480.79,1.94,142,229
B,0,1,936.44,2.04,144,237
B,0,2,924.63,2.06,144,237
B,0,3,935.92,2.07,144,237
B,1,1,842.25,2.06,144,236
B,1,2,838.86,2.03,144,235
B,1,3,834.62,2.02,144,235
B,2,1,837.99,2.01,144,235
B,2,2,834.10,2.03,144,236
B,2,3,848.49,2.00,144,235
B,3,1,838.42,2.06,144,235
B,3,2,844.29,2.03,144,235
B,3,3,859.00,2.02,144,235
B,4,1,447.24,2.04,144,236
B,4,2,443.47,2.05,144,236
B,4,3,435.85,2.04,144,236
B,5,1,451.90,2.00,143,235
B,5,2,437.32,2.03,143,236
B,5,3,438.12,2.00,143,235
B,6,1,437.19,2.00,143,233
B,6,2,455.92,2.03,143,234
B,6,3,434.35,1.99,143,233
B,7,1,445.30,2.04,144,233
B,7,2,450.76,2.01,144,233
B,7,3,445.04,2.03,144,233
B,8,1,436.46,2.04,144,232
B,8,2,445.06,2.03,144,232
B,8,3,435.39,2.00,144,232
B,9,1,443.59,2.00,144,233
B,9,2,444.31,2.06,144,233
B,9,3,439.06,2.02,144,233
B,10,1,505.57,2.02,145,235
B,10,2,450.86,1.99,145,235
B,10,3,446.63,2.00,145,235
B,11,1,441.01,2.03,146,234
B,11,2,505.39,2.06,146,234
B,11,3,504.71,2.05,146,234
B,12,1,445.94,1.97,145,235
B,12,2,430.84,1.98,145,236
B,12,3,433.64,1.99,145,235
B,13,1,442.18,1.99,145,235
B,13,2,441.89,2.00,145,235
B,13,3,435.51,1.99,145,235
B,14,1,439.49,2.03,145,235
B,14,2,442.81,2.00,145,235
B,14,3,431.36,1.99,145,236
B,15,1,445.41,2.00,145,236
B,15,2,435.27,2.02,145,235
B,15,3,437.23,2.00,145,235
B,16,1,438.69,2.00,145,235
B,16,2,441.44,2.01,145,235
B,16,3,437.98,2.02,145,235
B,17,1,434.97,1.98,145,235
B,17,2,430.17,2.03,145,235
B,17,3,439.20,1.99,145,235
B,18,1,434.77,2.00,145,235
B,18,2,435.84,1.99,145,235
B,18,3,434.39,2.00,145,235
B,19,1,438.96,1.99,145,235
B,19,2,472.50,2.00,145,235
B,19,3,452.73,2.00,145,235
B,20,1,440.97,2.02,145,235
B,20,2,443.43,2.02,145,235
B,20,3,437.79,2.03,145,235
B,21,1,445.16,1.97,145,235
B,21,2,432.12,1.96,145,235
B,21,3,443.55,1.99,145,235
B,22,1,443.94,2.00,145,235
B,22,2,449.42,1.98,145,236
B,22,3,436.13,2.01,145,235
B,23,1,442.14,2.03,145,235
B,23,2,436.11,2.02,145,235
B,23,3,439.81,2.01,145,235
B,24,1,441.05,2.02,145,235
B,24,2,439.78,2.03,145,235
B,24,3,441.76,1.99,145,235
B,25,1,447.45,2.00,145,235
B,25,2,442.14,2.01,145,235
B,25,3,438.72,2.02,145,235
B,26,1,457.48,1.99,145,235
B,26,2,431.79,1.98,145,235
B,26,3,429.31,2.03,145,236
B,27,1,433.14,1.99,145,235
B,27,2,446.77,2.00,145,235
B,27,3,441.11,2.01,145,235
B,28,1,443.04,2.00,145,235
B,28,2,435.42,1.98,145,235
B,28,3,430.98,2.00,145,236
B,29,1,444.73,1.99,145,235
B,29,2,436.41,2.00,145,235
B,29,3,440.23,2.01,145,235
B,30,1,445.34,1.99,145,235
B,30,2,445.39,2.08,145,235
B,30,3,443.88,2.01,145,235
B,31,1,443.21,1.96,145,235
B,31,2,443.33,1.99,145,235
B,31,3,438.07,1.98,145,235
B,32,1,444.07,2.00,145,235
B,32,2,446.69,2.02,145,235
B,32,3,439.21,2.02,145,235
B,33,1,453.38,2.00,145,235
B,33,2,438.76,2.02,145,235
B,33,3,489.66,1.99,145,235
B,34,1,441.60,2.00,145,236
B,34,2,434.61,2.00,145,236
B,34,3,497.29,2.02,145,236
B,35,1,434.97,1.97,145,235
B,35,2,447.67,1.99,145,235
B,35,3,435.67,2.01,145,235
B,36,1,459.14,2.03,145,235
B,36,2,442.01,2.04,145,235
B,36,3,444.23,2.02,145,235
B,37,1,432.20,2.01,145,235
B,37,2,460.04,2.03,145,235
B,37,3,431.53,2.01,145,235
B,38,1,438.90,2.03,145,236
B,38,2,435.47,2.00,145,235
B,38,3,446.20,1.99,145,236
B,39,1,443.35,2.00,145,236
B,39,2,446.08,2.01,145,235
B,39,3,439.58,2.01,145,235
B,40,1,454.88,2.02,145,235
B,40,2,444.19,2.01,145,235
B,40,3,440.21,2.08,145,235
B,41,1,442.32,2.02,145,235
B,41,2,442.03,1.99,145,236
B,41,3,436.72,1.98,145,235
B,42,1,439.44,1.99,145,235
B,42,2,445.49,1.99,145,235
B,42,3,437.80,2.03,145,235
B,43,1,445.18,2.00,145,235
B,43,2,434.92,2.03,145,235
B,43,3,442.63,2.01,145,236
B,44,1,449.43,1.95,145,235
B,44,2,455.75,1.96,145,235
B,44,3,439.70,1.95,145,235
B,45,1,437.03,1.99,145,235
B,45,2,443.29,1.97,145,236
B,45,3,450.43,2.00,145,235
B,46,1,438.17,2.02,145,235
B,46,2,438.64,1.99,145,235
B,46,3,444.12,1.97,145,235
B,47,1,450.31,2.00,145,236
B,47,2,442.28,2.01,145,235
B,47,3,435.98,1.99,145,235
B,48,1,440.32,2.02,145,235
B,48,2,453.76,2.01,145,235
B,48,3,438.52,2.02,145,235
B,49,1,451.78,2.01,145,235
B,49,2,444.25,2.03,145,235
B,49,3,444.84,2.00,145,235
B,50,1,440.68,2.00,145,235
B,50,2,443.92,1.98,145,235
B,50,3,443.60,1.99,145,235
B,51,1,439.95,2.00,145,235
B,51,2,440.75,2.00,145,235
B,51,3,445.81,2.01,145,235
B,52,1,443.86,2.01,145,235
B,52,2,443.56,2.00,145,235
B,52,3,435.61,2.00,145,235
B,53,1,444.62,2.00,145,235
B,53,2,448.41,2.03,145,235
B,53,3,448.41,2.08,145,235
B,54,1,1234.84,2.04,145,235
B,54,2,445.48,2.00,145,235
B,54,3,432.28,1.98,145,235
B,55,1,449.52,2.00,145,235
B,55,2,437.47,2.02,145,235
B,55,3,433.55,2.01,145,236
B,56,1,437.73,2.02,145,235
B,56,2,449.03,2.02,145,235
B,56,3,452.54,2.00,145,235
B,57,1,444.11,1.98,145,235
B,57,2,445.75,1.99,145,236
B,57,3,440.63,2.03,145,235
B,58,1,437.60,2.00,145,235
B,58,2,437.44,1.99,145,235
B,58,3,437.73,1.98,145,235
B,59,1,440.56,2.05,145,235
B,59,2,434.95,2.01,145,235
B,59,3,452.12,2.00,145,235
B,60,1,443.31,2.05,145,235
B,60,2,510.68,2.04,145,235
B,60,3,435.36,2.00,145,235
B,61,1,437.39,2.04,145,235
B,61,2,444.50,1.99,145,236
B,61,3,440.45,2.02,145,235
B,62,1,452.74,2.02,145,235
B,62,2,441.38,2.03,145,235
B,62,3,449.73,2.00,145,235
B,63,1,458.11,1.99,145,235
B,63,2,432.82,1.99,145,235
B,63,3,433.19,1.98,145,235
B,64,1,438.63,2.00,145,235
B,64,2,450.37,1.99,145,235
B,64,3,445.26,1.99,145,235
B,65,1,437.21,2.00,145,235
B,65,2,445.25,1.99,145,235
B,65,3,443.67,2.01,145,235
B,66,1,449.34,2.00,145,235
B,66,2,442.45,2.02,145,235
B,66,3,444.65,2.00,145,235
B,67,1,438.03,2.02,145,236
B,67,2,441.54,2.00,145,235
B,67,3,446.27,2.00,145,235
B,68,1,441.58,2.01,145,235
B,68,2,439.15,2.00,145,235
B,68,3,433.50,2.00,145,235
B,69,1,448.47,2.01,145,235
B,69,2,445.63,2.00,145,235
B,69,3,441.50,2.01,145,236
B,70,1,446.74,2.01,145,235
B,70,2,481.38,2.01,145,235
B,70,3,442.39,2.04,145,235
B,71,1,454.74,1.99,145,235
B,71,2,441.92,1.99,145,235
B,71,3,436.83,1.98,145,235
B,72,1,434.42,1.99,145,235
B,72,2,440.77,2.00,145,235
B,72,3,431.88,1.99,145,235
B,73,1,441.23,2.02,145,235
B,73,2,447.26,2.01,145,235
B,73,3,451.74,2.01,145,235
B,74,1,437.67,1.98,145,235
B,74,2,443.08,2.00,145,235
B,74,3,450.80,1.99,145,235
B,75,1,442.22,1.99,145,235
B,75,2,442.39,2.02,145,235
B,75,3,438.54,2.07,145,235
B,76,1,446.81,2.03,145,236
B,76,2,441.22,2.01,145,235
B,76,3,435.77,2.03,145,235
B,77,1,435.74,2.07,145,236
B,77,2,446.45,1.98,145,235
B,77,3,445.77,1.99,145,235
B,78,1,453.24,2.02,145,235
B,78,2,440.56,2.03,145,235
B,78,3,437.67,2.01,145,236
B,79,1,441.80,2.05,145,235
B,79,2,443.78,2.04,145,235
B,79,3,447.92,2.02,145,235
B,80,1,446.85,1.99,145,235
B,80,2,439.10,2.01,145,235
B,80,3,440.84,2.01,145,235
B,81,1,452.22,2.00,145,235
B,81,2,441.13,2.00,145,235
B,81,3,435.43,2.00,145,235
B,82,1,429.96,1.99,145,235
B,82,2,436.83,2.00,145,235
B,82,3,449.70,1.99,145,235
B,83,1,438.92,2.00,145,235
B,83,2,437.30,2.01,145,236
B,83,3,442.87,2.00,145,235
B,84,1,434.72,2.02,145,235
B,84,2,449.00,2.02,145,235
B,84,3,435.02,2.02,145,235
B,85,1,454.99,2.01,145,235
B,85,2,441.13,2.01,145,235
B,85,3,441.83,2.02,145,235
B,86,1,433.96,1.98,145,235
B,86,2,438.45,1.98,145,235
B,86,3,438.51,2.00,145,235
B,87,1,434.88,1.99,145,235
B,87,2,445.29,2.01,145,236
B,87,3,439.91,1.97,145,235
B,88,1,440.08,1.98,145,235
B,88,2,498.14,1.99,145,235
B,88,3,437.29,2.00,145,235
B,89,1,447.79,1.99,145,236
B,89,2,437.58,1.98,145,235
B,89,3,434.03,2.03,145,235
B,90,1,436.97,2.04,145,235
B,90,2,447.44,2.01,145,235
B,90,3,438.60,2.05,145,235
B,91,1,439.15,2.02,145,235
B,91,2,443.66,1.97,145,235
B,91,3,448.40,1.97,145,235
B,92,1,453.57,1.99,145,235
B,92,2,439.51,2.00,145,235
B,92,3,443.18,2.05,145,235
C,0,1,887.28,1.46,14,33
C,0,2,941.83,1.49,14,33
C,0,3,911.39,1.46,14,33
C,1,1,750.42,1.45,14,33
C,1,2,819.51,1.47,14,33
C,1,3,783.26,1.55,14,33
C,2,1,825.46,1.47,14,34
C,2,2,824.26,1.50,14,33
C,2,3,815.86,1.48,14,33
C,3,1,826.39,1.48,14,33
C,3,2,817.57,1.46,14,33
C,3,3,821.44,1.46,14,33
C,4,1,828.61,1.46,14,33
C,4,2,834.25,1.45,14,33
C,4,3,824.69,1.46,14,33
C,5,1,859.46,1.47,14,34
C,5,2,814.27,1.47,14,33
C,5,3,829.28,1.46,14,33
C,6,1,823.56,1.47,14,33
C,6,2,822.45,1.48,14,33
C,6,3,817.62,1.48,14,33
C,7,1,833.57,1.45,14,33
C,7,2,816.83,1.45,14,33
C,7,3,824.65,1.50,14,34
C,8,1,816.53,1.47,14,33
C,8,2,818.38,1.49,14,34
C,8,3,814.46,1.48,14,33
C,9,1,819.79,1.45,14,33
C,9,2,754.61,1.47,14,33
C,9,3,821.37,1.46,14,34
C,10,1,788.38,1.47,14,33
C,10,2,748.27,1.47,14,33
C,10,3,743.87,1.45,14,33
C,11,1,841.13,1.48,14,33
C,11,2,819.67,1.46,14,33
C,11,3,816.83,1.47,14,33
C,12,1,816.59,1.46,14,33
C,12,2,816.56,1.46,14,33
C,12,3,824.56,1.48,14,33
C,13,1,750.96,1.46,14,33
C,13,2,815.91,1.47,14,33
C,13,3,745.29,1.51,14,34
C,14,1,782.15,1.50,14,33
C,14,2,750.90,1.48,14,34
C,14,3,822.11,1.48,14,33
C,15,1,828.33,1.47,14,33
C,15,2,823.27,1.48,14,33
C,15,3,826.19,1.50,14,33
C,16,1,867.99,1.45,14,33
C,16,2,822.69,1.48,14,33
C,16,3,817.15,1.46,14,34
C,17,1,741.81,1.44,14,33
C,17,2,751.38,1.46,14,33
C,17,3,746.09,1.45,14,33
C,18,1,820.35,1.48,14,33
C,18,2,751.44,1.46,14,33
C,18,3,821.24,1.45,14,33
C,19,1,829.60,1.47,14,33
C,19,2,819.37,1.47,14,33
C,19,3,817.88,1.48,14,33
C,20,1,830.49,1.45,14,33
C,20,2,915.69,1.46,14,33
C,20,3,832.62,1.49,14,33
C,21,1,828.99,1.49,14,33
C,21,2,818.42,1.47,14,33
C,21,3,827.34,1.48,14,33
C,22,1,816.65,1.48,14,33
C,22,2,818.28,1.48,14,33
C,22,3,774.18,1.51,14,33
C,23,1,821.69,1.47,14,33
C,23,2,806.06,1.45,14,33
C,23,3,819.89,1.46,14,33
C,24,1,835.57,1.47,14,33
C,24,2,816.00,1.47,14,33
C,24,3,810.44,1.49,14,33
C,25,1,820.03,1.45,14,33
C,25,2,824.12,1.49,14,33
C,25,3,810.29,1.48,14,33
C,26,1,827.39,1.47,14,33
C,26,2,813.96,1.50,14,33
C,26,3,819.76,1.50,14,33
C,27,1,816.02,1.49,14,33
C,27,2,811.07,1.47,14,33
C,27,3,819.25,1.45,14,33
C,28,1,824.27,1.47,14,33
C,28,2,829.69,1.49,14,33
C,28,3,816.39,1.46,14,33
C,29,1,822.40,1.46,14,33
C,29,2,827.62,1.50,14,33
C,29,3,825.22,1.47,14,33
C,30,1,824.78,1.47,14,34
C,30,2,825.93,1.48,14,33
C,30,3,824.06,1.46,14,33
C,31,1,819.62,1.48,14,33
C,31,2,821.89,1.48,14,33
C,31,3,825.31,1.48,14,33
C,32,1,830.38,1.47,14,33
C,32,2,752.41,1.47,14,33
C,32,3,747.40,1.48,14,33
C,33,1,823.30,1.48,14,33
C,33,2,818.06,1.46,14,33
C,33,3,819.45,1.49,14,33
C,34,1,825.99,1.46,14,33
C,34,2,800.79,1.47,14,33
C,34,3,781.76,1.47,14,33
C,35,1,822.35,1.46,14,33
C,35,2,820.28,1.48,14,33
C,35,3,810.17,1.48,14,33
C,36,1,816.29,1.47,14,34
C,36,2,831.17,1.48,14,33
C,36,3,792.49,1.46,14,33
C,37,1,821.48,1.47,14,33
C,37,2,793.54,1.50,14,33
C,37,3,791.62,1.47,14,33
C,38,1,788.90,1.49,14,33
C,38,2,796.67,1.50,14,33
C,38,3,795.58,1.48,14,33
C,39,1,787.76,1.47,14,34
C,39,2,792.65,1.49,14,34
C,39,3,852.48,1.55,14,33
C,40,1,830.13,1.49,14,33
C,40,2,821.84,1.47,14,33
C,40,3,830.45,1.46,14,33
C,41,1,790.14,1.49,14,33
C,41,2,787.37,1.51,14,33
C,41,3,831.00,1.48,14,33
C,42,1,786.87,1.51,14,33
C,42,2,819.35,1.47,14,33
C,42,3,809.17,1.48,14,33
C,43,1,819.74,1.48,14,33
C,43,2,817.59,1.49,14,34
C,43,3,827.90,1.48,14,33
C,44,1,822.75,1.46,14,33
C,44,2,822.45,1.46,14,33
C,44,3,815.14,1.48,14,33
C,45,1,822.97,1.49,14,33
C,45,2,820.88,1.48,14,33
C,45,3,783.41,1.46,14,33
C,46,1,779.43,1.46,14,33
C,46,2,826.49,1.49,14,33
C,46,3,786.02,1.47,14,33
C,47,1,812.22,1.50,14,33
C,47,2,828.47,1.48,14,33
C,47,3,817.84,1.47,14,33
C,48,1,789.88,1.47,14,33
C,48,2,794.13,1.47,14,33
C,48,3,825.30,1.48,14,33
C,49,1,785.12,1.50,14,33
C,49,2,818.66,1.46,14,33
C,49,3,827.14,1.46,14,33
C,50,1,751.05,1.45,14,33
C,50,2,823.49,1.46,14,33
C,50,3,816.06,1.45,14,33
C,51,1,781.20,1.48,14,33
C,51,2,798.43,1.46,14,33
C,51,3,793.80,1.46,14,33
C,52,1,751.97,1.47,14,33
C,52,2,819.44,1.45,14,33
C,52,3,818.24,1.47,14,33
C,53,1,396.93,1.46,14,36
C,53,2,422.99,1.45,14,37
C,53,3,420.94,1.47,14,36
C,54,1,429.59,1.48,14,36
C,54,2,426.80,1.46,14,36
C,54,3,426.12,1.48,14,36
C,55,1,459.93,1.48,14,36
C,55,2,413.31,1.46,14,36
C,55,3,395.41,1.49,14,36
C,56,1,416.65,1.47,14,36
C,56,2,400.61,1.47,14,36
C,56,3,396.55,1.46,14,36
C,57,1,458.50,1.51,14,36
C,57,2,426.14,1.46,14,36
C,57,3,426.89,1.49,14,36
C,58,1,432.12,1.48,14,36
C,58,2,432.00,1.47,14,36
C,58,3,393.41,1.48,14,36
C,59,1,425.13,1.45,14,36
C,59,2,453.50,1.46,14,37
C,59,3,433.46,1.48,14,36
C,60,1,449.32,1.45,14,36
C,60,2,425.76,1.45,14,36
C,60,3,435.20,1.46,14,36
C,61,1,430.85,1.46,14,36
C,61,2,397.61,1.46,14,36
C,61,3,403.99,1.46,14,36
C,62,1,428.65,1.47,14,36
C,62,2,400.52,1.49,14,36
C,62,3,402.84,1.45,14,36
C,63,1,431.26,1.46,14,36
C,63,2,428.96,1.46,14,36
C,63,3,427.51,1.45,14,36
C,64,1,426.62,1.46,14,36
C,64,2,434.45,1.47,14,36
C,64,3,431.27,1.45,14,36
C,65,1,394.46,1.47,14,36
C,65,2,429.16,1.48,14,36
C,65,3,390.71,1.45,14,36
C,66,1,394.85,1.45,14,36
C,66,2,405.49,1.47,14,36
C,66,3,401.38,1.46,14,36
C,67,1,393.89,1.46,14,36
C,67,2,428.12,1.46,14,37
C,67,3,427.67,1.45,14,36
C,68,1,429.64,1.45,14,36
C,68,2,423.58,1.45,14,36
C,68,3,428.12,1.46,14,36
C,69,1,398.99,1.45,14,36
C,69,2,436.74,1.47,14,36
C,69,3,437.78,1.47,14,36
C,70,1,430.61,1.46,14,36
C,70,2,427.29,1.46,14,36
C,70,3,400.42,1.52,14,36
C,71,1,429.68,1.47,14,36
C,71,2,431.79,1.46,14,36
C,71,3,425.57,1.48,14,36
C,72,1,426.44,1.46,14,36
C,72,2,435.87,1.48,14,36
C,72,3,433.06,1.44,14,36
C,73,1,397.80,1.47,14,36
C,73,2,398.90,1.47,14,36
C,73,3,399.04,1.47,14,36
C,74,1,433.50,1.46,14,36
C,74,2,435.32,1.46,14,36
C,74,3,435.41,1.52,14,36
C,75,1,398.27,1.47,14,36
C,75,2,396.12,1.47,14,36
C,75,3,393.53,1.51,14,36
C,76,1,396.73,1.49,14,36
C,76,2,397.10,1.49,14,36
C,76,3,436.06,1.46,14,36
C,77,1,434.49,1.48,14,36
C,77,2,404.55,1.49,14,36
C,77,3,402.99,1.48,14,36
C,78,1,424.84,1.48,14,36
C,78,2,429.34,1.47,14,36
C,78,3,426.82,1.46,14,36
C,79,1,397.42,1.46,14,36
C,79,2,408.30,1.47,14,36
C,79,3,395.87,1.47,14,36
C,80,1,399.44,1.48,14,36
C,80,2,392.85,1.47,14,36
C,80,3,415.38,1.46,14,36
C,81,1,409.93,1.47,14,36
C,81,2,402.00,1.49,14,36
C,81,3,401.00,1.54,14,36
C,82,1,430.60,1.48,14,36
C,82,2,438.75,1.46,14,37
C,82,3,426.64,1.44,14,36
C,83,1,390.05,1.49,14,37
C,83,2,436.99,1.50,14,36
C,83,3,426.81,1.46,14,36
C,84,1,429.14,1.46,14,36
C,84,2,430.76,1.46,14,36
C,84,3,456.42,1.47,14,37
C,85,1,395.48,1.46,14,36
C,85,2,397.22,1.49,14,36
C,85,3,433.24,1.48,14,36
C,86,1,404.86,1.45,14,37
C,86,2,397.21,1.48,14,36
C,86,3,402.19,1.49,14,36
C,87,1,403.68,1.45,14,36
C,87,2,390.37,1.46,14,36
C,87,3,392.23,1.45,14,36
C,88,1,428.57,1.45,14,36
C,88,2,425.88,1.47,14,37
C,88,3,397.38,1.47,14,37
C,89,1,402.73,1.45,14,36
C,89,2,400.88,1.50,14,36
C,89,3,445.22,1.48,14,36
C,90,1,429.10,1.48,14,36
C,90,2,390.24,1.47,14,36
C,90,3,399.53,1.46,14,36
C,91,1,433.03,1.45,14,36
C,91,2,430.77,1.44,14,36
C,91,3,423.60,1.45,14,36
C,92,1,425.06,1.45,14,36
C,92,2,429.33,1.47,14,36
C,92,3,427.97,1.48,14,36
